time,Dis Y(Dv),Dis Y Old(Dv),difference Dis Y,Dis X(Dh),loadcell Y (KN),loadcell X (KN),sigma Y (KN/M^2),newsigma Y (KN/M^2),round data
2025-02-20 12:31:39 , -0.002 , 0.0 , -0.002 , 0.0  , 81.122 , 70.778 , 81.122 , 0.0 ,1
2025-02-20 12:31:44 , -0.002 , -0.002 , 0.0 , -0.001  , 78.672 , 70.778 , 78.672 , 0.0 ,2
2025-02-20 12:31:49 , -0.002 , -0.002 , 0.0 , 0.001  , 78.672 , 70.778 , 78.672 , 0.0 ,3
2025-02-20 12:31:54 , -0.002 , -0.002 , 0.0 , 0.001  , 79.217 , 69.417 , 79.217 , 0.0 ,4
2025-02-20 12:31:59 , -0.003 , -0.002 , -0.001 , 0.001  , 97.456 , 73.5 , 97.456 , 0.0 ,5
2025-02-20 12:32:04 , -0.002 , -0.003 , 0.001 , 0.0  , 99.089 , 73.5 , 99.089 , 0.0 ,6
2025-02-20 12:32:09 , -0.002 , -0.002 , 0.0 , 0.0  , 98.817 , 73.5 , 98.817 , 98.817 ,7
Start Monotonic Test K = 200.0
2025-02-20 12:32:11 , -0.003 , -0.002 , -0.001 , -0.002  , 98.817 , 73.5 , 98.817 , 98.518 ,8
2025-02-20 12:32:11 , -0.003 , -0.003 , 0.0 , -0.002  , 98.817 , 73.5 , 98.817 , 98.817 ,9
2025-02-20 12:32:14 , -0.004 , -0.003 , -0.001 , -0.006  , 98.817 , 74.861 , 98.817 , 98.518 ,10
2025-02-20 12:32:15 , -0.004 , -0.004 , 0.0 , -0.006  , 98.817 , 74.861 , 98.817 , 98.817 ,11
2025-02-20 12:32:18 , -0.002 , -0.004 , 0.002 , -0.007  , 99.089 , 74.861 , 99.089 , 99.687 ,12
2025-02-20 12:32:18 , -0.002 , -0.002 , 0.0 , -0.007  , 99.089 , 74.861 , 99.089 , 99.089 ,13
2025-02-20 12:32:21 , -0.003 , -0.002 , -0.001 , -0.005  , 99.633 , 76.222 , 99.633 , 99.333 ,14
2025-02-20 12:32:22 , -0.003 , -0.003 , 0.0 , -0.005  , 99.633 , 76.222 , 99.633 , 99.633 ,15
2025-02-20 12:32:25 , -0.01 , -0.003 , -0.007 , -0.002  , 99.906 , 77.583 , 99.906 , 97.807 ,16
2025-02-20 12:32:25 , -0.011 , -0.01 , -0.001 , -0.001  , 99.906 , 77.583 , 99.906 , 99.606 ,17
2025-02-20 12:32:28 , -0.011 , -0.011 , 0.0 , 0.002  , 100.45 , 77.583 , 100.45 , 100.45 ,18
2025-02-20 12:32:29 , -0.011 , -0.011 , 0.0 , 0.004  , 100.45 , 77.583 , 100.45 , 100.45 ,19
2025-02-20 12:32:32 , -0.014 , -0.011 , -0.003 , 0.006  , 100.722 , 78.944 , 100.722 , 99.82 ,20
2025-02-20 12:32:32 , -0.015 , -0.014 , -0.001 , 0.008  , 100.994 , 78.944 , 100.994 , 100.693 ,21
2025-02-20 12:32:35 , -0.016 , -0.015 , -0.001 , 0.011  , 101.267 , 78.944 , 101.267 , 100.966 ,22
2025-02-20 12:32:36 , -0.017 , -0.016 , -0.001 , 0.011  , 101.267 , 80.306 , 101.267 , 100.966 ,23
2025-02-20 12:32:39 , -0.02 , -0.017 , -0.003 , 0.013  , 101.811 , 80.306 , 101.811 , 100.906 ,24
2025-02-20 12:32:39 , -0.021 , -0.02 , -0.001 , 0.014  , 101.811 , 80.306 , 101.811 , 101.509 ,25
2025-02-20 12:32:42 , -0.022 , -0.021 , -0.001 , 0.016  , 102.083 , 81.667 , 102.083 , 101.781 ,26
2025-02-20 12:32:43 , -0.022 , -0.022 , 0.0 , 0.018  , 102.083 , 81.667 , 102.083 , 102.083 ,27
2025-02-20 12:32:46 , -0.024 , -0.022 , -0.002 , 0.022  , 89.833 , 74.861 , 89.833 , 89.253 ,28
2025-02-20 12:32:46 , -0.024 , -0.024 , 0.0 , 0.022  , 86.839 , 74.861 , 86.839 , 86.839 ,29
2025-02-20 12:32:49 , -0.023 , -0.024 , 0.001 , 0.03  , 85.206 , 72.139 , 85.206 , 85.491 ,30
2025-02-20 12:32:50 , -0.024 , -0.023 , -0.001 , 0.032  , 85.206 , 72.139 , 85.206 , 84.921 ,31
2025-02-20 12:32:53 , -0.023 , -0.024 , 0.001 , 0.034  , 85.478 , 72.139 , 85.478 , 85.763 ,32
2025-02-20 12:32:53 , -0.023 , -0.023 , 0.0 , 0.034  , 85.478 , 72.139 , 85.478 , 85.478 ,33
2025-02-20 12:32:56 , -0.024 , -0.023 , -0.001 , 0.036  , 86.022 , 73.5 , 86.022 , 85.736 ,34
2025-02-20 12:32:57 , -0.024 , -0.024 , 0.0 , 0.036  , 86.022 , 73.5 , 86.022 , 86.022 ,35
2025-02-20 12:33:00 , -0.024 , -0.024 , 0.0 , 0.041  , 86.294 , 73.5 , 86.294 , 86.294 ,36
2025-02-20 12:33:00 , -0.023 , -0.024 , 0.001 , 0.044  , 86.294 , 73.5 , 86.294 , 86.58 ,37
2025-02-20 12:33:03 , -0.023 , -0.023 , 0.0 , 0.048  , 86.022 , 73.5 , 86.022 , 86.022 ,38
2025-02-20 12:33:04 , -0.023 , -0.023 , 0.0 , 0.048  , 85.75 , 73.5 , 85.75 , 85.75 ,39
2025-02-20 12:33:07 , -0.022 , -0.023 , 0.001 , 0.054  , 85.75 , 72.139 , 85.75 , 86.036 ,40
2025-02-20 12:33:07 , -0.022 , -0.022 , 0.0 , 0.054  , 85.75 , 72.139 , 85.75 , 85.75 ,41
2025-02-20 12:33:10 , -0.021 , -0.022 , 0.001 , 0.055  , 86.022 , 73.5 , 86.022 , 86.308 ,42
2025-02-20 12:33:11 , -0.02 , -0.021 , 0.001 , 0.055  , 86.022 , 73.5 , 86.022 , 86.308 ,43
2025-02-20 12:33:14 , -0.02 , -0.02 , 0.0 , 0.057  , 86.294 , 73.5 , 86.294 , 86.294 ,44
2025-02-20 12:33:14 , -0.02 , -0.02 , 0.0 , 0.058  , 86.294 , 73.5 , 86.294 , 86.294 ,45
2025-02-20 12:33:17 , -0.02 , -0.02 , 0.0 , 0.06  , 86.294 , 73.5 , 86.294 , 86.294 ,46
2025-02-20 12:33:18 , -0.021 , -0.02 , -0.001 , 0.06  , 86.022 , 73.5 , 86.022 , 85.736 ,47
2025-02-20 12:33:21 , -0.021 , -0.021 , 0.0 , 0.065  , 85.75 , 72.139 , 85.75 , 85.75 ,48
2025-02-20 12:33:21 , -0.021 , -0.021 , 0.0 , 0.066  , 85.75 , 72.139 , 85.75 , 85.75 ,49
2025-02-20 12:33:24 , -0.02 , -0.021 , 0.001 , 0.07  , 85.75 , 72.139 , 85.75 , 86.036 ,50
2025-02-20 12:33:25 , -0.02 , -0.02 , 0.0 , 0.071  , 85.75 , 72.139 , 85.75 , 85.75 ,51
2025-02-20 12:33:28 , -0.021 , -0.02 , -0.001 , 0.073  , 85.75 , 72.139 , 85.75 , 85.464 ,52
2025-02-20 12:33:28 , -0.021 , -0.021 , 0.0 , 0.074  , 85.75 , 72.139 , 85.75 , 85.75 ,53
2025-02-20 12:33:31 , -0.021 , -0.021 , 0.0 , 0.076  , 85.75 , 72.139 , 85.75 , 85.75 ,54
2025-02-20 12:33:32 , -0.021 , -0.021 , 0.0 , 0.077  , 85.75 , 72.139 , 85.75 , 85.75 ,55
2025-02-20 12:33:35 , -0.02 , -0.021 , 0.001 , 0.08  , 85.75 , 72.139 , 85.75 , 86.036 ,56
2025-02-20 12:33:35 , -0.02 , -0.02 , 0.0 , 0.081  , 85.75 , 72.139 , 85.75 , 85.75 ,57
2025-02-20 12:33:38 , -0.022 , -0.02 , -0.002 , 0.083  , 85.75 , 72.139 , 85.75 , 85.178 ,58
2025-02-20 12:33:39 , -0.021 , -0.022 , 0.001 , 0.084  , 85.75 , 72.139 , 85.75 , 86.036 ,59
2025-02-20 12:33:42 , -0.021 , -0.021 , 0.0 , 0.087  , 85.75 , 73.5 , 85.75 , 85.75 ,60
2025-02-20 12:33:42 , -0.02 , -0.021 , 0.001 , 0.088  , 85.75 , 73.5 , 85.75 , 86.036 ,61
2025-02-20 12:33:45 , -0.021 , -0.02 , -0.001 , 0.092  , 85.75 , 73.5 , 85.75 , 85.464 ,62
2025-02-20 12:33:46 , -0.021 , -0.021 , 0.0 , 0.092  , 85.75 , 73.5 , 85.75 , 85.75 ,63
2025-02-20 12:33:49 , -0.021 , -0.021 , 0.0 , 0.096  , 85.75 , 73.5 , 85.75 , 85.75 ,64
2025-02-20 12:33:49 , -0.022 , -0.021 , -0.001 , 0.097  , 85.75 , 73.5 , 85.75 , 85.464 ,65
2025-02-20 12:33:52 , -0.021 , -0.022 , 0.001 , 0.1  , 86.022 , 73.5 , 86.022 , 86.308 ,66
2025-02-20 12:33:53 , -0.021 , -0.021 , 0.0 , 0.1  , 86.022 , 73.5 , 86.022 , 86.022 ,67
2025-02-20 12:33:56 , -0.022 , -0.021 , -0.001 , 0.102  , 86.022 , 73.5 , 86.022 , 85.736 ,68
2025-02-20 12:33:56 , -0.022 , -0.022 , 0.0 , 0.102  , 86.022 , 73.5 , 86.022 , 86.022 ,69
2025-02-20 12:33:59 , -0.022 , -0.022 , 0.0 , 0.104  , 85.75 , 73.5 , 85.75 , 85.75 ,70
2025-02-20 12:34:00 , -0.022 , -0.022 , 0.0 , 0.104  , 85.75 , 73.5 , 85.75 , 85.75 ,71
2025-02-20 12:34:03 , -0.023 , -0.022 , -0.001 , 0.107  , 85.75 , 73.5 , 85.75 , 85.464 ,72
2025-02-20 12:34:03 , -0.023 , -0.023 , 0.0 , 0.107  , 85.75 , 73.5 , 85.75 , 85.75 ,73
2025-02-20 12:34:06 , -0.023 , -0.023 , 0.0 , 0.11  , 85.75 , 73.5 , 85.75 , 85.75 ,74
2025-02-20 12:34:07 , -0.022 , -0.023 , 0.001 , 0.111  , 85.75 , 73.5 , 85.75 , 86.036 ,75
2025-02-20 12:34:10 , -0.023 , -0.022 , -0.001 , 0.112  , 85.75 , 72.139 , 85.75 , 85.464 ,76
2025-02-20 12:34:10 , -0.023 , -0.023 , 0.0 , 0.113  , 85.478 , 72.139 , 85.478 , 85.478 ,77
2025-02-20 12:34:13 , -0.022 , -0.023 , 0.001 , 0.117  , 85.478 , 72.139 , 85.478 , 85.763 ,78
2025-02-20 12:34:14 , -0.022 , -0.022 , 0.0 , 0.117  , 85.478 , 72.139 , 85.478 , 85.478 ,79
2025-02-20 12:34:17 , -0.022 , -0.022 , 0.0 , 0.121  , 85.75 , 72.139 , 85.75 , 85.75 ,80
2025-02-20 12:34:17 , -0.022 , -0.022 , 0.0 , 0.121  , 85.75 , 72.139 , 85.75 , 85.75 ,81
2025-02-20 12:34:20 , -0.023 , -0.022 , -0.001 , 0.125  , 85.478 , 72.139 , 85.478 , 85.193 ,82
2025-02-20 12:34:21 , -0.022 , -0.023 , 0.001 , 0.127  , 85.478 , 72.139 , 85.478 , 85.763 ,83
2025-02-20 12:34:24 , -0.023 , -0.022 , -0.001 , 0.13  , 85.478 , 72.139 , 85.478 , 85.193 ,84
2025-02-20 12:34:24 , -0.023 , -0.023 , 0.0 , 0.131  , 85.478 , 72.139 , 85.478 , 85.478 ,85
2025-02-20 12:34:27 , -0.023 , -0.023 , 0.0 , 0.134  , 85.478 , 72.139 , 85.478 , 85.478 ,86
2025-02-20 12:34:28 , -0.023 , -0.023 , 0.0 , 0.136  , 85.478 , 72.139 , 85.478 , 85.478 ,87
2025-02-20 12:34:31 , -0.023 , -0.023 , 0.0 , 0.137  , 85.478 , 72.139 , 85.478 , 85.478 ,88
2025-02-20 12:34:31 , -0.022 , -0.023 , 0.001 , 0.137  , 85.478 , 72.139 , 85.478 , 85.763 ,89
2025-02-20 12:34:34 , -0.021 , -0.022 , 0.001 , 0.141  , 85.478 , 72.139 , 85.478 , 85.763 ,90
2025-02-20 12:34:35 , -0.022 , -0.021 , -0.001 , 0.142  , 85.478 , 72.139 , 85.478 , 85.193 ,91
2025-02-20 12:34:38 , -0.021 , -0.022 , 0.001 , 0.148  , 85.478 , 72.139 , 85.478 , 85.763 ,92
2025-02-20 12:34:38 , -0.022 , -0.021 , -0.001 , 0.147  , 85.478 , 72.139 , 85.478 , 85.193 ,93
2025-02-20 12:34:41 , -0.024 , -0.022 , -0.002 , 0.148  , 85.478 , 72.139 , 85.478 , 84.907 ,94
2025-02-20 12:34:42 , -0.023 , -0.024 , 0.001 , 0.148  , 85.478 , 72.139 , 85.478 , 85.763 ,95
2025-02-20 12:34:45 , -0.022 , -0.023 , 0.001 , 0.152  , 85.478 , 72.139 , 85.478 , 85.763 ,96
2025-02-20 12:34:45 , -0.023 , -0.022 , -0.001 , 0.153  , 85.478 , 72.139 , 85.478 , 85.193 ,97
2025-02-20 12:34:48 , -0.024 , -0.023 , -0.001 , 0.155  , 85.206 , 72.139 , 85.206 , 84.921 ,98
2025-02-20 12:34:49 , -0.023 , -0.024 , 0.001 , 0.156  , 85.206 , 72.139 , 85.206 , 85.491 ,99
2025-02-20 12:34:52 , -0.021 , -0.023 , 0.002 , 0.162  , 85.206 , 72.139 , 85.206 , 85.776 ,100
2025-02-20 12:34:52 , -0.021 , -0.021 , 0.0 , 0.162  , 85.206 , 72.139 , 85.206 , 85.206 ,101
2025-02-20 12:34:55 , -0.021 , -0.021 , 0.0 , 0.165  , 84.933 , 72.139 , 84.933 , 84.933 ,102
2025-02-20 12:34:56 , -0.021 , -0.021 , 0.0 , 0.165  , 84.933 , 72.139 , 84.933 , 84.933 ,103
2025-02-20 12:34:59 , -0.022 , -0.021 , -0.001 , 0.167  , 84.933 , 72.139 , 84.933 , 84.648 ,104
2025-02-20 12:34:59 , -0.023 , -0.022 , -0.001 , 0.168  , 84.933 , 72.139 , 84.933 , 84.648 ,105
2025-02-20 12:35:02 , -0.023 , -0.023 , 0.0 , 0.171  , 84.933 , 72.139 , 84.933 , 84.933 ,106
2025-02-20 12:35:03 , -0.023 , -0.023 , 0.0 , 0.171  , 84.933 , 72.139 , 84.933 , 84.933 ,107
2025-02-20 12:35:06 , -0.024 , -0.023 , -0.001 , 0.174  , 84.933 , 72.139 , 84.933 , 84.648 ,108
2025-02-20 12:35:06 , -0.024 , -0.024 , 0.0 , 0.174  , 84.933 , 72.139 , 84.933 , 84.933 ,109
2025-02-20 12:35:09 , -0.023 , -0.024 , 0.001 , 0.179  , 84.661 , 72.139 , 84.661 , 84.946 ,110
2025-02-20 12:35:10 , -0.023 , -0.023 , 0.0 , 0.179  , 84.661 , 72.139 , 84.661 , 84.661 ,111
2025-02-20 12:35:13 , -0.023 , -0.023 , 0.0 , 0.181  , 84.661 , 72.139 , 84.661 , 84.661 ,112
2025-02-20 12:35:13 , -0.023 , -0.023 , 0.0 , 0.182  , 84.661 , 72.139 , 84.661 , 84.661 ,113
2025-02-20 12:35:16 , -0.023 , -0.023 , 0.0 , 0.186  , 84.661 , 70.778 , 84.661 , 84.661 ,114
2025-02-20 12:35:17 , -0.023 , -0.023 , 0.0 , 0.186  , 84.389 , 70.778 , 84.389 , 84.389 ,115
2025-02-20 12:35:20 , -0.023 , -0.023 , 0.0 , 0.189  , 84.117 , 70.778 , 84.117 , 84.117 ,116
2025-02-20 12:35:20 , -0.023 , -0.023 , 0.0 , 0.19  , 84.117 , 70.778 , 84.117 , 84.117 ,117
2025-02-20 12:35:23 , -0.023 , -0.023 , 0.0 , 0.194  , 83.844 , 70.778 , 83.844 , 83.844 ,118
2025-02-20 12:35:24 , -0.023 , -0.023 , 0.0 , 0.194  , 83.844 , 70.778 , 83.844 , 83.844 ,119
2025-02-20 12:35:27 , -0.024 , -0.023 , -0.001 , 0.198  , 83.844 , 70.778 , 83.844 , 83.56 ,120
2025-02-20 12:35:27 , -0.024 , -0.024 , 0.0 , 0.198  , 83.844 , 70.778 , 83.844 , 83.844 ,121
2025-02-20 12:35:30 , -0.022 , -0.024 , 0.002 , 0.204  , 83.844 , 70.778 , 83.844 , 84.412 ,122
2025-02-20 12:35:31 , -0.023 , -0.022 , -0.001 , 0.203  , 83.844 , 70.778 , 83.844 , 83.56 ,123
2025-02-20 12:35:34 , -0.023 , -0.023 , 0.0 , 0.204  , 83.572 , 70.778 , 83.572 , 83.572 ,124
2025-02-20 12:35:34 , -0.023 , -0.023 , 0.0 , 0.204  , 83.572 , 70.778 , 83.572 , 83.572 ,125
2025-02-20 12:35:37 , -0.023 , -0.023 , 0.0 , 0.209  , 83.572 , 69.417 , 83.572 , 83.572 ,126
2025-02-20 12:35:38 , -0.023 , -0.023 , 0.0 , 0.209  , 83.572 , 69.417 , 83.572 , 83.572 ,127
2025-02-20 12:35:41 , -0.023 , -0.023 , 0.0 , 0.211  , 83.572 , 69.417 , 83.572 , 83.572 ,128
2025-02-20 12:35:41 , -0.024 , -0.023 , -0.001 , 0.213  , 83.572 , 69.417 , 83.572 , 83.288 ,129
2025-02-20 12:35:44 , -0.023 , -0.024 , 0.001 , 0.219  , 83.572 , 69.417 , 83.572 , 83.856 ,130
2025-02-20 12:35:45 , -0.023 , -0.023 , 0.0 , 0.219  , 83.572 , 69.417 , 83.572 , 83.572 ,131
2025-02-20 12:35:48 , -0.022 , -0.023 , 0.001 , 0.221  , 83.572 , 70.778 , 83.572 , 83.856 ,132
2025-02-20 12:35:48 , -0.022 , -0.022 , 0.0 , 0.221  , 83.572 , 70.778 , 83.572 , 83.572 ,133
2025-02-20 12:35:51 , -0.024 , -0.022 , -0.002 , 0.225  , 83.572 , 69.417 , 83.572 , 83.005 ,134
2025-02-20 12:35:52 , -0.024 , -0.024 , 0.0 , 0.225  , 83.3 , 69.417 , 83.3 , 83.3 ,135
2025-02-20 12:35:55 , -0.024 , -0.024 , 0.0 , 0.228  , 83.3 , 69.417 , 83.3 , 83.3 ,136
2025-02-20 12:35:55 , -0.024 , -0.024 , 0.0 , 0.228  , 83.3 , 69.417 , 83.3 , 83.3 ,137
2025-02-20 12:35:58 , -0.023 , -0.024 , 0.001 , 0.232  , 83.3 , 69.417 , 83.3 , 83.583 ,138
2025-02-20 12:35:59 , -0.023 , -0.023 , 0.0 , 0.232  , 83.3 , 69.417 , 83.3 , 83.3 ,139
2025-02-20 12:36:02 , -0.023 , -0.023 , 0.0 , 0.235  , 83.3 , 69.417 , 83.3 , 83.3 ,140
2025-02-20 12:36:02 , -0.023 , -0.023 , 0.0 , 0.235  , 83.028 , 69.417 , 83.028 , 83.028 ,141
2025-02-20 12:36:05 , -0.023 , -0.023 , 0.0 , 0.241  , 83.028 , 69.417 , 83.028 , 83.028 ,142
2025-02-20 12:36:06 , -0.023 , -0.023 , 0.0 , 0.241  , 83.028 , 69.417 , 83.028 , 83.028 ,143
2025-02-20 12:36:09 , -0.022 , -0.023 , 0.001 , 0.247  , 83.028 , 69.417 , 83.028 , 83.311 ,144
2025-02-20 12:36:09 , -0.022 , -0.022 , 0.0 , 0.247  , 83.028 , 69.417 , 83.028 , 83.028 ,145
2025-02-20 12:36:12 , -0.022 , -0.022 , 0.0 , 0.254  , 82.756 , 69.417 , 82.756 , 82.756 ,146
2025-02-20 12:36:13 , -0.022 , -0.022 , 0.0 , 0.254  , 82.756 , 69.417 , 82.756 , 82.756 ,147
2025-02-20 12:36:16 , -0.021 , -0.022 , 0.001 , 0.256  , 82.483 , 68.056 , 82.483 , 82.765 ,148
2025-02-20 12:36:16 , -0.021 , -0.021 , 0.0 , 0.258  , 82.483 , 68.056 , 82.483 , 82.483 ,149
2025-02-20 12:36:19 , -0.021 , -0.021 , 0.0 , 0.258  , 82.211 , 68.056 , 82.211 , 82.211 ,150
2025-02-20 12:36:20 , -0.021 , -0.021 , 0.0 , 0.261  , 82.211 , 68.056 , 82.211 , 82.211 ,151
2025-02-20 12:36:23 , -0.021 , -0.021 , 0.0 , 0.263  , 82.211 , 68.056 , 82.211 , 82.211 ,152
2025-02-20 12:36:23 , -0.021 , -0.021 , 0.0 , 0.262  , 82.211 , 68.056 , 82.211 , 82.211 ,153
2025-02-20 12:36:26 , -0.02 , -0.021 , 0.001 , 0.265  , 82.211 , 68.056 , 82.211 , 82.493 ,154
2025-02-20 12:36:27 , -0.02 , -0.02 , 0.0 , 0.265  , 82.211 , 68.056 , 82.211 , 82.211 ,155
2025-02-20 12:36:30 , -0.02 , -0.02 , 0.0 , 0.271  , 81.939 , 68.056 , 81.939 , 81.939 ,156
2025-02-20 12:36:30 , -0.02 , -0.02 , 0.0 , 0.272  , 81.939 , 68.056 , 81.939 , 81.939 ,157
2025-02-20 12:36:33 , -0.019 , -0.02 , 0.001 , 0.274  , 81.939 , 68.056 , 81.939 , 82.221 ,158
2025-02-20 12:36:34 , -0.019 , -0.019 , 0.0 , 0.274  , 81.939 , 68.056 , 81.939 , 81.939 ,159
2025-02-20 12:36:37 , -0.02 , -0.019 , -0.001 , 0.278  , 81.939 , 68.056 , 81.939 , 81.657 ,160
2025-02-20 12:36:37 , -0.02 , -0.02 , 0.0 , 0.279  , 81.939 , 68.056 , 81.939 , 81.939 ,161
2025-02-20 12:36:40 , -0.02 , -0.02 , 0.0 , 0.284  , 81.667 , 66.694 , 81.667 , 81.667 ,162
2025-02-20 12:36:41 , -0.02 , -0.02 , 0.0 , 0.284  , 81.667 , 66.694 , 81.667 , 81.667 ,163
2025-02-20 12:36:44 , -0.019 , -0.02 , 0.001 , 0.284  , 81.394 , 66.694 , 81.394 , 81.675 ,164
2025-02-20 12:36:44 , -0.019 , -0.019 , 0.0 , 0.285  , 81.394 , 66.694 , 81.394 , 81.394 ,165
2025-02-20 12:36:47 , -0.018 , -0.019 , 0.001 , 0.29  , 81.667 , 68.056 , 81.667 , 81.949 ,166
2025-02-20 12:36:48 , -0.018 , -0.018 , 0.0 , 0.29  , 81.667 , 68.056 , 81.667 , 81.667 ,167
2025-02-20 12:36:51 , -0.018 , -0.018 , 0.0 , 0.292  , 81.667 , 68.056 , 81.667 , 81.667 ,168
2025-02-20 12:36:51 , -0.019 , -0.018 , -0.001 , 0.293  , 81.667 , 68.056 , 81.667 , 81.385 ,169
2025-02-20 12:36:54 , -0.019 , -0.019 , 0.0 , 0.297  , 81.667 , 68.056 , 81.667 , 81.667 ,170
2025-02-20 12:36:55 , -0.019 , -0.019 , 0.0 , 0.297  , 81.667 , 68.056 , 81.667 , 81.667 ,171
2025-02-20 12:36:58 , -0.019 , -0.019 , 0.0 , 0.302  , 81.667 , 68.056 , 81.667 , 81.667 ,172
2025-02-20 12:36:58 , -0.019 , -0.019 , 0.0 , 0.303  , 81.667 , 68.056 , 81.667 , 81.667 ,173
2025-02-20 12:37:01 , -0.018 , -0.019 , 0.001 , 0.305  , 81.667 , 68.056 , 81.667 , 81.949 ,174
2025-02-20 12:37:02 , -0.018 , -0.018 , 0.0 , 0.305  , 81.667 , 68.056 , 81.667 , 81.667 ,175
2025-02-20 12:37:05 , -0.02 , -0.018 , -0.002 , 0.309  , 81.667 , 68.056 , 81.667 , 81.104 ,176
2025-02-20 12:37:05 , -0.02 , -0.02 , 0.0 , 0.311  , 81.667 , 68.056 , 81.667 , 81.667 ,177
2025-02-20 12:37:08 , -0.021 , -0.02 , -0.001 , 0.314  , 81.667 , 68.056 , 81.667 , 81.385 ,178
2025-02-20 12:37:09 , -0.019 , -0.021 , 0.002 , 0.314  , 81.667 , 68.056 , 81.667 , 82.23 ,179
2025-02-20 12:37:12 , -0.018 , -0.019 , 0.001 , 0.315  , 81.667 , 68.056 , 81.667 , 81.949 ,180
2025-02-20 12:37:12 , -0.018 , -0.018 , 0.0 , 0.315  , 81.667 , 68.056 , 81.667 , 81.667 ,181
2025-02-20 12:37:15 , -0.019 , -0.018 , -0.001 , 0.325  , 81.667 , 68.056 , 81.667 , 81.385 ,182
2025-02-20 12:37:16 , -0.019 , -0.019 , 0.0 , 0.325  , 81.667 , 68.056 , 81.667 , 81.667 ,183
2025-02-20 12:37:19 , -0.018 , -0.019 , 0.001 , 0.327  , 81.667 , 68.056 , 81.667 , 81.949 ,184
2025-02-20 12:37:19 , -0.018 , -0.018 , 0.0 , 0.327  , 81.667 , 68.056 , 81.667 , 81.667 ,185
2025-02-20 12:37:22 , -0.016 , -0.018 , 0.002 , 0.328  , 81.667 , 68.056 , 81.667 , 82.23 ,186
2025-02-20 12:37:23 , -0.017 , -0.016 , -0.001 , 0.33  , 81.667 , 68.056 , 81.667 , 81.385 ,187
2025-02-20 12:37:26 , -0.019 , -0.017 , -0.002 , 0.329  , 81.667 , 68.056 , 81.667 , 81.104 ,188
2025-02-20 12:37:26 , -0.02 , -0.019 , -0.001 , 0.329  , 81.667 , 68.056 , 81.667 , 81.385 ,189
2025-02-20 12:37:29 , -0.018 , -0.02 , 0.002 , 0.337  , 81.667 , 68.056 , 81.667 , 82.23 ,190
2025-02-20 12:37:30 , -0.018 , -0.018 , 0.0 , 0.337  , 81.667 , 68.056 , 81.667 , 81.667 ,191
2025-02-20 12:37:33 , -0.018 , -0.018 , 0.0 , 0.341  , 81.667 , 68.056 , 81.667 , 81.667 ,192
2025-02-20 12:37:33 , -0.018 , -0.018 , 0.0 , 0.341  , 81.667 , 68.056 , 81.667 , 81.667 ,193
2025-02-20 12:37:36 , -0.019 , -0.018 , -0.001 , 0.345  , 81.667 , 68.056 , 81.667 , 81.385 ,194
2025-02-20 12:37:37 , -0.018 , -0.019 , 0.001 , 0.344  , 81.667 , 68.056 , 81.667 , 81.949 ,195
2025-02-20 12:37:40 , -0.019 , -0.018 , -0.001 , 0.348  , 81.394 , 68.056 , 81.394 , 81.113 ,196
2025-02-20 12:37:40 , -0.019 , -0.019 , 0.0 , 0.348  , 81.394 , 68.056 , 81.394 , 81.394 ,197
2025-02-20 12:37:43 , -0.018 , -0.019 , 0.001 , 0.354  , 81.394 , 68.056 , 81.394 , 81.675 ,198
2025-02-20 12:37:44 , -0.018 , -0.018 , 0.0 , 0.354  , 81.394 , 68.056 , 81.394 , 81.394 ,199
2025-02-20 12:37:47 , -0.018 , -0.018 , 0.0 , 0.356  , 81.394 , 68.056 , 81.394 , 81.394 ,200
2025-02-20 12:37:47 , -0.018 , -0.018 , 0.0 , 0.356  , 81.394 , 68.056 , 81.394 , 81.394 ,201
2025-02-20 12:37:50 , -0.018 , -0.018 , 0.0 , 0.359  , 81.394 , 68.056 , 81.394 , 81.394 ,202
2025-02-20 12:37:51 , -0.018 , -0.018 , 0.0 , 0.361  , 81.394 , 68.056 , 81.394 , 81.394 ,203
2025-02-20 12:37:54 , -0.018 , -0.018 , 0.0 , 0.362  , 81.394 , 68.056 , 81.394 , 81.394 ,204
2025-02-20 12:37:54 , -0.018 , -0.018 , 0.0 , 0.362  , 81.394 , 68.056 , 81.394 , 81.394 ,205
2025-02-20 12:37:57 , -0.018 , -0.018 , 0.0 , 0.366  , 81.394 , 68.056 , 81.394 , 81.394 ,206
2025-02-20 12:37:58 , -0.018 , -0.018 , 0.0 , 0.367  , 81.394 , 68.056 , 81.394 , 81.394 ,207
2025-02-20 12:38:01 , -0.019 , -0.018 , -0.001 , 0.369  , 81.394 , 68.056 , 81.394 , 81.113 ,208
2025-02-20 12:38:01 , -0.019 , -0.019 , 0.0 , 0.369  , 81.394 , 68.056 , 81.394 , 81.394 ,209
2025-02-20 12:38:04 , -0.017 , -0.019 , 0.002 , 0.372  , 81.394 , 68.056 , 81.394 , 81.957 ,210
2025-02-20 12:38:05 , -0.017 , -0.017 , 0.0 , 0.372  , 81.394 , 68.056 , 81.394 , 81.394 ,211
2025-02-20 12:38:08 , -0.018 , -0.017 , -0.001 , 0.378  , 81.394 , 68.056 , 81.394 , 81.113 ,212
2025-02-20 12:38:08 , -0.019 , -0.018 , -0.001 , 0.379  , 81.394 , 68.056 , 81.394 , 81.113 ,213
2025-02-20 12:38:11 , -0.019 , -0.019 , 0.0 , 0.381  , 81.394 , 68.056 , 81.394 , 81.394 ,214
2025-02-20 12:38:12 , -0.019 , -0.019 , 0.0 , 0.381  , 81.394 , 68.056 , 81.394 , 81.394 ,215
2025-02-20 12:38:15 , -0.018 , -0.019 , 0.001 , 0.385  , 81.667 , 68.056 , 81.667 , 81.949 ,216
2025-02-20 12:38:15 , -0.017 , -0.018 , 0.001 , 0.386  , 81.667 , 68.056 , 81.667 , 81.949 ,217
2025-02-20 12:38:18 , -0.018 , -0.017 , -0.001 , 0.388  , 81.667 , 68.056 , 81.667 , 81.385 ,218
2025-02-20 12:38:19 , -0.018 , -0.018 , 0.0 , 0.388  , 81.667 , 68.056 , 81.667 , 81.667 ,219
2025-02-20 12:38:22 , -0.019 , -0.018 , -0.001 , 0.39  , 81.667 , 69.417 , 81.667 , 81.385 ,220
2025-02-20 12:38:22 , -0.018 , -0.019 , 0.001 , 0.391  , 81.667 , 69.417 , 81.667 , 81.949 ,221
2025-02-20 12:38:25 , -0.019 , -0.018 , -0.001 , 0.397  , 81.667 , 69.417 , 81.667 , 81.385 ,222
2025-02-20 12:38:26 , -0.019 , -0.019 , 0.0 , 0.397  , 81.667 , 69.417 , 81.667 , 81.667 ,223
2025-02-20 12:38:29 , -0.018 , -0.019 , 0.001 , 0.399  , 81.667 , 69.417 , 81.667 , 81.949 ,224
2025-02-20 12:38:29 , -0.017 , -0.018 , 0.001 , 0.4  , 81.667 , 69.417 , 81.667 , 81.949 ,225
2025-02-20 12:38:32 , -0.018 , -0.017 , -0.001 , 0.403  , 81.667 , 69.417 , 81.667 , 81.385 ,226
2025-02-20 12:38:33 , -0.018 , -0.018 , 0.0 , 0.403  , 81.667 , 69.417 , 81.667 , 81.667 ,227
2025-02-20 12:38:36 , -0.019 , -0.018 , -0.001 , 0.406  , 81.667 , 69.417 , 81.667 , 81.385 ,228
2025-02-20 12:38:36 , -0.019 , -0.019 , 0.0 , 0.406  , 81.667 , 69.417 , 81.667 , 81.667 ,229
2025-02-20 12:38:39 , -0.018 , -0.019 , 0.001 , 0.409  , 81.667 , 69.417 , 81.667 , 81.949 ,230
2025-02-20 12:38:40 , -0.017 , -0.018 , 0.001 , 0.409  , 81.667 , 69.417 , 81.667 , 81.949 ,231
